timeStamp,elapsed,label,responseCode,responseMessage,threadName,dataType,success,failureMessage,bytes,sentBytes,grpThreads,allThreads,URL,Latency,IdleTime,Connect
1746967254264,226,NLP,200,OK,Thread Group 1-2,text,true,,21199,124,4,4,http://100.116.218.43:3000/,218,0,28
1746967254263,279,NLP,200,OK,Thread Group 1-1,text,true,,21199,124,4,4,http://100.116.218.43:3000/,274,0,29
1746967254364,358,NLP,200,OK,Thread Group 1-3,text,true,,21199,124,6,6,http://100.116.218.43:3000/,351,0,1
1746967254464,375,NLP,200,OK,Thread Group 1-4,text,true,,21199,124,7,7,http://100.116.218.43:3000/,370,0,2
1746967254543,343,NLP,200,OK,Thread Group 1-1,text,true,,21199,124,8,8,http://100.116.218.43:3000/,336,0,0
1746967254494,459,NLP,200,OK,Thread Group 1-2,text,true,,21199,124,8,8,http://100.116.218.43:3000/,452,0,0
1746967254565,481,NLP,200,OK,Thread Group 1-5,text,true,,21199,124,9,9,http://100.116.218.43:3000/,471,0,1
1746967254664,577,NLP,200,OK,Thread Group 1-6,text,true,,21199,124,10,10,http://100.116.218.43:3000/,570,0,1
1746967254722,574,NLP,200,OK,Thread Group 1-3,text,true,,21199,124,10,10,http://100.116.218.43:3000/,565,0,0
1746967254762,647,NLP,200,OK,Thread Group 1-7,text,true,,21199,124,10,10,http://100.116.218.43:3000/,640,0,1
1746967254863,648,NLP,200,OK,Thread Group 1-8,text,true,,21199,124,10,10,http://100.116.218.43:3000/,642,0,1
1746967254886,720,NLP,200,OK,Thread Group 1-1,text,true,,21199,124,10,10,http://100.116.218.43:3000/,679,0,0
1746967254840,774,NLP,200,OK,Thread Group 1-4,text,true,,21199,124,10,10,http://100.116.218.43:3000/,763,0,0
1746967254953,718,NLP,200,OK,Thread Group 1-2,text,true,,21199,124,10,10,http://100.116.218.43:3000/,710,0,0
1746967254962,776,NLP,200,OK,Thread Group 1-9,text,true,,21199,124,10,10,http://100.116.218.43:3000/,769,0,1
1746967255047,770,NLP,200,OK,Thread Group 1-5,text,true,,21199,124,10,10,http://100.116.218.43:3000/,756,0,0
1746967255061,795,NLP,200,OK,Thread Group 1-10,text,true,,21199,124,10,10,http://100.116.218.43:3000/,788,0,1
1746967255241,815,NLP,200,OK,Thread Group 1-6,text,true,,21199,124,10,10,http://100.116.218.43:3000/,809,0,0
1746967255297,844,NLP,200,OK,Thread Group 1-3,text,true,,21199,124,10,10,http://100.116.218.43:3000/,836,0,0
1746967255410,826,NLP,200,OK,Thread Group 1-7,text,true,,21199,124,10,10,http://100.116.218.43:3000/,818,0,0
1746967255511,838,NLP,200,OK,Thread Group 1-8,text,true,,21199,124,10,10,http://100.116.218.43:3000/,833,0,0
1746967255615,885,NLP,200,OK,Thread Group 1-4,text,true,,21199,124,10,10,http://100.116.218.43:3000/,836,0,0
1746967255607,895,NLP,200,OK,Thread Group 1-1,text,true,,21199,124,10,10,http://100.116.218.43:3000/,845,0,0
1746967255671,837,NLP,200,OK,Thread Group 1-2,text,true,,21199,124,10,10,http://100.116.218.43:3000/,825,0,0
1746967255738,842,NLP,200,OK,Thread Group 1-9,text,true,,21199,124,10,10,http://100.116.218.43:3000/,835,0,0
1746967255817,835,NLP,200,OK,Thread Group 1-5,text,true,,21199,124,10,10,http://100.116.218.43:3000/,827,0,0
1746967255856,858,NLP,200,OK,Thread Group 1-10,text,true,,21199,124,10,10,http://100.116.218.43:3000/,851,0,0
1746967256056,853,NLP,200,OK,Thread Group 1-6,text,true,,21199,124,10,10,http://100.116.218.43:3000/,846,0,0
1746967256141,846,NLP,200,OK,Thread Group 1-3,text,true,,21199,124,10,10,http://100.116.218.43:3000/,835,0,0
1746967256237,841,NLP,200,OK,Thread Group 1-7,text,true,,21199,124,10,10,http://100.116.218.43:3000/,834,0,0
1746967256501,680,NLP,200,OK,Thread Group 1-4,text,true,,21199,124,10,10,http://100.116.218.43:3000/,675,0,0
1746967256350,891,NLP,200,OK,Thread Group 1-8,text,true,,21199,124,10,10,http://100.116.218.43:3000/,878,0,0
1746967256502,828,NLP,200,OK,Thread Group 1-1,text,true,,21199,124,10,10,http://100.116.218.43:3000/,783,0,0
1746967256509,827,NLP,200,OK,Thread Group 1-2,text,true,,21199,124,10,10,http://100.116.218.43:3000/,817,0,0
1746967256581,814,NLP,200,OK,Thread Group 1-9,text,true,,21199,124,10,10,http://100.116.218.43:3000/,809,0,0
1746967256653,810,NLP,200,OK,Thread Group 1-5,text,true,,21199,124,10,10,http://100.116.218.43:3000/,805,0,0
1746967256715,813,NLP,200,OK,Thread Group 1-10,text,true,,21199,124,10,10,http://100.116.218.43:3000/,805,0,0
1746967256909,814,NLP,200,OK,Thread Group 1-6,text,true,,21199,124,10,10,http://100.116.218.43:3000/,807,0,0
1746967256988,807,NLP,200,OK,Thread Group 1-3,text,true,,21199,124,10,10,http://100.116.218.43:3000/,799,0,0
1746967257078,853,NLP,200,OK,Thread Group 1-7,text,true,,21199,124,10,10,http://100.116.218.43:3000/,844,0,0
1746967257182,844,NLP,200,OK,Thread Group 1-4,text,true,,21199,124,10,10,http://100.116.218.43:3000/,837,0,0
1746967257241,857,NLP,200,OK,Thread Group 1-8,text,true,,21199,124,10,10,http://100.116.218.43:3000/,838,0,0
1746967257337,806,NLP,200,OK,Thread Group 1-2,text,true,,21199,124,10,10,http://100.116.218.43:3000/,800,0,0
1746967257331,919,NLP,200,OK,Thread Group 1-1,text,true,,21199,124,10,10,http://100.116.218.43:3000/,873,0,0
1746967257395,865,NLP,200,OK,Thread Group 1-9,text,true,,21199,124,10,10,http://100.116.218.43:3000/,853,0,0
1746967257463,869,NLP,200,OK,Thread Group 1-5,text,true,,21199,124,10,10,http://100.116.218.43:3000/,864,0,0
1746967257529,869,NLP,200,OK,Thread Group 1-10,text,true,,21199,124,10,10,http://100.116.218.43:3000/,864,0,0
1746967257724,874,NLP,200,OK,Thread Group 1-6,text,true,,21199,124,10,10,http://100.116.218.43:3000/,867,0,0
1746967257796,874,NLP,200,OK,Thread Group 1-3,text,true,,21199,124,10,10,http://100.116.218.43:3000/,861,0,0
1746967257931,841,NLP,200,OK,Thread Group 1-7,text,true,,21199,124,10,10,http://100.116.218.43:3000/,833,0,0
1746967258098,772,NLP,200,OK,Thread Group 1-8,text,true,,21199,124,10,10,http://100.116.218.43:3000/,763,0,0
1746967258027,905,NLP,200,OK,Thread Group 1-4,text,true,,21199,124,10,10,http://100.116.218.43:3000/,893,0,0
1746967258143,867,NLP,200,OK,Thread Group 1-2,text,true,,21199,124,10,10,http://100.116.218.43:3000/,832,0,0
1746967258251,765,NLP,200,OK,Thread Group 1-1,text,true,,21199,124,10,10,http://100.116.218.43:3000/,757,0,0
1746967258260,812,NLP,200,OK,Thread Group 1-9,text,true,,21199,124,10,10,http://100.116.218.43:3000/,806,0,0
1746967258332,808,NLP,200,OK,Thread Group 1-5,text,true,,21199,124,10,10,http://100.116.218.43:3000/,800,0,0
1746967258399,814,NLP,200,OK,Thread Group 1-10,text,true,,21199,124,10,10,http://100.116.218.43:3000/,807,0,0
1746967258598,845,NLP,200,OK,Thread Group 1-6,text,true,,21199,124,10,10,http://100.116.218.43:3000/,835,0,0
1746967258670,836,NLP,200,OK,Thread Group 1-3,text,true,,21199,124,10,10,http://100.116.218.43:3000/,828,0,0
1746967258772,833,NLP,200,OK,Thread Group 1-7,text,true,,21199,124,10,10,http://100.116.218.43:3000/,826,0,0
1746967258870,831,NLP,200,OK,Thread Group 1-8,text,true,,21199,124,10,10,http://100.116.218.43:3000/,821,0,0
1746967259010,768,NLP,200,OK,Thread Group 1-2,text,true,,21199,124,10,10,http://100.116.218.43:3000/,750,0,0
1746967259016,813,NLP,200,OK,Thread Group 1-1,text,true,,21199,124,10,10,http://100.116.218.43:3000/,798,0,0
1746967258933,947,NLP,200,OK,Thread Group 1-4,text,true,,21199,124,10,10,http://100.116.218.43:3000/,940,0,0
1746967259072,868,NLP,200,OK,Thread Group 1-9,text,true,,21199,124,10,10,http://100.116.218.43:3000/,861,0,0
1746967259141,872,NLP,200,OK,Thread Group 1-5,text,true,,21199,124,10,10,http://100.116.218.43:3000/,863,0,0
1746967259213,866,NLP,200,OK,Thread Group 1-10,text,true,,21199,124,10,10,http://100.116.218.43:3000/,860,0,0
1746967259444,875,NLP,200,OK,Thread Group 1-6,text,true,,21199,124,10,10,http://100.116.218.43:3000/,859,0,0
1746967259508,870,NLP,200,OK,Thread Group 1-3,text,true,,21199,124,10,10,http://100.116.218.43:3000/,862,0,0
1746967259607,872,NLP,200,OK,Thread Group 1-7,text,true,,21199,124,10,10,http://100.116.218.43:3000/,864,0,0
1746967259702,861,NLP,200,OK,Thread Group 1-8,text,true,,21199,124,10,10,http://100.116.218.43:3000/,857,0,0
1746967259779,873,NLP,200,OK,Thread Group 1-2,text,true,,21199,124,10,10,http://100.116.218.43:3000/,839,0,0
1746967259830,835,NLP,200,OK,Thread Group 1-1,text,true,,21199,124,10,10,http://100.116.218.43:3000/,820,0,0
1746967259882,829,NLP,200,OK,Thread Group 1-4,text,true,,21199,124,10,10,http://100.116.218.43:3000/,823,0,0
1746967259941,824,NLP,200,OK,Thread Group 1-9,text,true,,21199,124,10,10,http://100.116.218.43:3000/,818,0,0
1746967260017,868,NLP,200,OK,Thread Group 1-5,text,true,,21199,124,10,10,http://100.116.218.43:3000/,828,0,0
1746967260081,813,NLP,200,OK,Thread Group 1-10,text,true,,21199,124,10,10,http://100.116.218.43:3000/,802,0,0
1746967260319,817,NLP,200,OK,Thread Group 1-6,text,true,,21199,124,10,10,http://100.116.218.43:3000/,810,0,0
1746967260379,823,NLP,200,OK,Thread Group 1-3,text,true,,21199,124,10,10,http://100.116.218.43:3000/,811,0,0
1746967260480,815,NLP,200,OK,Thread Group 1-7,text,true,,21199,124,10,10,http://100.116.218.43:3000/,810,0,0
1746967260564,837,NLP,200,OK,Thread Group 1-8,text,true,,21199,124,10,10,http://100.116.218.43:3000/,831,0,0
1746967260652,816,NLP,200,OK,Thread Group 1-2,text,true,,21199,124,10,10,http://100.116.218.43:3000/,807,0,0
1746967260665,875,NLP,200,OK,Thread Group 1-1,text,true,,21199,124,9,9,http://100.116.218.43:3000/,858,0,0
1746967260711,915,NLP,200,OK,Thread Group 1-4,text,true,,21199,124,8,8,http://100.116.218.43:3000/,875,0,0
1746967260765,867,NLP,200,OK,Thread Group 1-9,text,true,,21199,124,8,8,http://100.116.218.43:3000/,857,0,0
1746967260885,829,NLP,200,OK,Thread Group 1-5,text,true,,21199,124,8,8,http://100.116.218.43:3000/,821,0,0
1746967260894,882,NLP,200,OK,Thread Group 1-10,text,true,,21199,124,8,8,http://100.116.218.43:3000/,874,0,0
1746967261136,850,NLP,200,OK,Thread Group 1-6,text,true,,21199,124,8,8,http://100.116.218.43:3000/,842,0,0
1746967261203,840,NLP,200,OK,Thread Group 1-3,text,true,,21199,124,8,8,http://100.116.218.43:3000/,833,0,0
1746967261296,825,NLP,200,OK,Thread Group 1-7,text,true,,21199,124,7,7,http://100.116.218.43:3000/,818,0,0
1746967261402,798,NLP,200,OK,Thread Group 1-8,text,true,,21199,124,7,7,http://100.116.218.43:3000/,794,0,0
1746967261626,627,NLP,200,OK,Thread Group 1-4,text,true,,21199,124,7,7,http://100.116.218.43:3000/,622,0,0
1746967261632,675,NLP,200,OK,Thread Group 1-9,text,true,,21199,124,6,6,http://100.116.218.43:3000/,670,0,0
1746967261715,665,NLP,200,OK,Thread Group 1-5,text,true,,21199,124,6,6,http://100.116.218.43:3000/,659,0,0
1746967261776,655,NLP,200,OK,Thread Group 1-10,text,true,,21199,124,5,5,http://100.116.218.43:3000/,652,0,0
1746967261986,582,NLP,200,OK,Thread Group 1-6,text,true,,21199,124,5,5,http://100.116.218.43:3000/,575,0,0
1746967262122,544,NLP,200,OK,Thread Group 1-7,text,true,,21199,124,4,4,http://100.116.218.43:3000/,539,0,0
1746967262201,540,NLP,200,OK,Thread Group 1-8,text,true,,21199,124,3,3,http://100.116.218.43:3000/,536,0,0
1746967262307,499,NLP,200,OK,Thread Group 1-9,text,true,,21199,124,2,2,http://100.116.218.43:3000/,496,0,0
1746967262432,431,NLP,200,OK,Thread Group 1-10,text,true,,21199,124,1,1,http://100.116.218.43:3000/,427,0,0
